BUET,https://www.buet.ac.bd/web/
RUET,https://www.ruet.ac.bd/
KUET,http://www.kuet.ac.bd/
CUET,https://www.cuet.ac.bd/
DU,https://www.du.ac.bd/
CU,https://cu.ac.bd/
BRAC,https://www.bracu.ac.bd/
JUST,https://just.edu.bd/
AUST,http://www.aust.edu/
AIUB,https://www.aiub.edu/
BUBT,https://www.bubt.edu.bd/
UIU,http://www.uiu.ac.bd/
RU,http://www.ru.ac.bd/
SUST,https://www.sust.edu/
NSU,http://www.northsouth.edu/
IUT,https://www.iutoic-dhaka.edu/
BAU,https://www.bau.edu.bd/
IIUC,https://www.iiuc.ac.bd/
MIST,https://mist.ac.bd/
DUET,https://www.duet.ac.bd/
SBAU,http://www.sau.edu.bd/
JNU,https://www.jnu.ac.bd/
KU,https://ku.ac.bd/
NSTU,http://www.nstu.edu.bd/
BSMMU,https://www.bsmmu.edu.bd/
SAU,http://www.sau.ac.bd/
PSTU,https://www.pstu.ac.bd/
MBSTU,https://mbstu.ac.bd/
IU,https://www.iu.ac.bd/
BRUR,https://brur.ac.bd/
BUTEX,https://www.butex.edu.bd/
HSTU,https://www.hstu.ac.bd/
COU,https://www.cou.ac.bd/
CMU,http://www.cmu.edu.bd/
SMU,https://www.smu.edu.bd/
PUST,https://www.pust.ac.bd/
CVASU,https://cvasu.ac.bd/
DAFODIL,https://daffodilvarsity.edu.bd/
PCIU,http://www.portcity.edu.bd/
UTTARA,https://uttarauniversity.edu.bd/
JKKNIU,http://jkkniu.edu.bd/
SHUBD,https://shubd.net/
RMSTU,https://rmstu.edu.bd/
BUP,https://www.bup.edu.bd/
ARABICUNI,https://iau.edu.bd/
